[
  {
    "Id": "0",
    "Name": "RSSReader 1.2.73 source package",
    "DevelopmentStatus": "Stable",
    "Description": "Source package of 1.2.73 release",
    "ReleasedDatge": "0001-01-01T00:00:00",
    "ModifiedDate": "2012-05-08T08:55:17.923-07:00",
    "Files": [
      {
        "Id": "4f5eeb10-c8a4-4bbf-a923-e798ca64a11e",
        "FileName": "RSSReader-1.2.73-src.zip",
        "Url": "./0/4f5eeb10-c8a4-4bbf-a923-e798ca64a11e",
        "Type": "Source Code",
        "UploadDate": "2012-05-08T08:55:17.77-07:00"
      }
    ]
  },
  {
    "Id": "1",
    "Name": "RSSReader v.1.2.72 source package",
    "DevelopmentStatus": "Stable",
    "Description": "Source package for 1.2.72 release",
    "ReleasedDatge": "0001-01-01T00:00:00",
    "ModifiedDate": "2012-04-29T15:24:02.61-07:00",
    "Files": [
      {
        "Id": "a649900a-883f-4f4d-b2f6-76d742f4fb30",
        "FileName": "rssreader-1.2.72-src.zip",
        "Url": "./1/a649900a-883f-4f4d-b2f6-76d742f4fb30",
        "Type": "Application",
        "UploadDate": "2012-04-29T15:24:02.14-07:00"
      }
    ]
  },
  {
    "Id": "2",
    "Name": "RSSReader v.1.2.72",
    "DevelopmentStatus": "Stable",
    "Description": "* changed minor version to 2\n* project is now divided to folders and appropriate namespaces\n* removed InputMessageBox\n* added a dialog for adding feed\n* changed config file to XML format\n* code refactoring",
    "ReleasedDatge": "0001-01-01T00:00:00",
    "ModifiedDate": "2012-04-29T15:21:35.833-07:00",
    "Files": [
      {
        "Id": "39dcfae9-3296-46e9-b31b-80e605f0f24e",
        "FileName": "RSSReader-1.2.72.exe",
        "Url": "./2/39dcfae9-3296-46e9-b31b-80e605f0f24e",
        "Type": "Application",
        "UploadDate": "2012-04-29T15:21:35.6-07:00"
      }
    ]
  },
  {
    "Id": "3",
    "Name": "RSSReader v1.1.69",
    "DevelopmentStatus": "Stable",
    "Description": "* fixed: application crashed at start, when no feeds in config file",
    "ReleasedDatge": "0001-01-01T00:00:00",
    "ModifiedDate": "2012-04-26T12:57:00.517-07:00",
    "Files": [
      {
        "Id": "08c85a30-e51b-4d9a-8cc0-7677bdb0a392",
        "FileName": "RSSReader-1.1.69.exe",
        "Url": "./3/08c85a30-e51b-4d9a-8cc0-7677bdb0a392",
        "Type": "Application",
        "UploadDate": "2012-04-26T12:57:00.33-07:00"
      }
    ]
  },
  {
    "Id": "4",
    "Name": "RSSReader v.1.1.69 source package",
    "DevelopmentStatus": "Stable",
    "Description": "Source package for 1.1.69 release.",
    "ReleasedDatge": "0001-01-01T00:00:00",
    "ModifiedDate": "2012-04-26T12:55:21.87-07:00",
    "Files": [
      {
        "Id": "6b75ba68-91ec-4631-bbd6-4a5884430674",
        "FileName": "rssreader-1.1.69-src.zip",
        "Url": "./4/6b75ba68-91ec-4631-bbd6-4a5884430674",
        "Type": "Source Code",
        "UploadDate": "2012-04-26T12:55:21.7-07:00"
      }
    ]
  },
  {
    "Id": "5",
    "Name": "RSS Reader v.1.1.66 source package",
    "DevelopmentStatus": "Stable",
    "Description": "Source package of 1.1.66 release",
    "ReleasedDatge": "0001-01-01T00:00:00",
    "ModifiedDate": "2012-04-23T21:13:30.387-07:00",
    "Files": [
      {
        "Id": "120b70b2-a48c-40f4-a284-07bea72832e5",
        "FileName": "rssreader-1.1.66-src.zip",
        "Url": "./5/120b70b2-a48c-40f4-a284-07bea72832e5",
        "Type": "Source Code",
        "UploadDate": "2012-04-23T21:13:30.23-07:00"
      }
    ]
  },
  {
    "Id": "6",
    "Name": "RSS Reader v.1.1.66",
    "DevelopmentStatus": "Stable",
    "Description": "* splash screen with loading",
    "ReleasedDatge": "0001-01-01T00:00:00",
    "ModifiedDate": "2012-04-26T10:54:55.307-07:00",
    "Files": [
      {
        "Id": "976e6570-44a5-4bc7-ad98-3e6d46c4190f",
        "FileName": "RSSReader-1.1.66.exe",
        "Url": "./6/976e6570-44a5-4bc7-ad98-3e6d46c4190f",
        "Type": "Application",
        "UploadDate": "2012-04-26T10:54:55.197-07:00"
      }
    ]
  },
  {
    "Id": "7",
    "Name": "RSS Reader v.1.1.64 source package",
    "DevelopmentStatus": "Stable",
    "Description": "Source package of 1.1.64 release",
    "ReleasedDatge": "0001-01-01T00:00:00",
    "ModifiedDate": "2012-04-23T17:46:35.003-07:00",
    "Files": [
      {
        "Id": "85739a96-6f80-4fe9-a157-04c90dfc922b",
        "FileName": "rssreader-1.1.64-src.zip",
        "Url": "./7/85739a96-6f80-4fe9-a157-04c90dfc922b",
        "Type": "Source Code",
        "UploadDate": "2012-04-23T17:46:34.91-07:00"
      }
    ]
  },
  {
    "Id": "8",
    "Name": "RSS Reader v.1.0.60 source package",
    "DevelopmentStatus": "Stable",
    "Description": "Source package of 1.0.60 release.",
    "ReleasedDatge": "0001-01-01T00:00:00",
    "ModifiedDate": "2012-04-23T17:47:01.067-07:00",
    "Files": [
      {
        "Id": "fbb9f9c1-dc99-4ac6-943d-3598b745f634",
        "FileName": "rssreader-1.0.60.src.zip",
        "Url": "./8/fbb9f9c1-dc99-4ac6-943d-3598b745f634",
        "Type": "Source Code",
        "UploadDate": "2012-04-23T17:45:00.377-07:00"
      }
    ]
  },
  {
    "Id": "9",
    "Name": "RSSReader v.1.1.64",
    "DevelopmentStatus": "Stable",
    "Description": "* updating feed's items tree in a separate thread \n* minimize to tray",
    "ReleasedDatge": "0001-01-01T00:00:00",
    "ModifiedDate": "2012-04-23T17:38:21.987-07:00",
    "Files": [
      {
        "Id": "36bd1f4b-0823-4dfc-b25a-13c02877d8b7",
        "FileName": "RSSReader-1.1.64.exe",
        "Url": "./9/36bd1f4b-0823-4dfc-b25a-13c02877d8b7",
        "Type": "Application",
        "UploadDate": "2012-04-23T17:38:21.8-07:00"
      }
    ]
  },
  {
    "Id": "10",
    "Name": "RSSReader v.1.0.60",
    "DevelopmentStatus": "Stable",
    "Description": "Release 1.0.60.\n\nIncludes fully functional RSS client with capability of\n* adding multiple feeds\n* reading them\n* bulk marking\n* unread items marked bold, read items marked normal",
    "ReleasedDatge": "0001-01-01T00:00:00",
    "ModifiedDate": "2012-04-21T21:24:38.03-07:00",
    "Files": [
      {
        "Id": "b35100f5-d5d1-4461-9eb3-4b2702c24501",
        "FileName": "RSSReader-1.0.60.exe",
        "Url": "./10/b35100f5-d5d1-4461-9eb3-4b2702c24501",
        "Type": "Application",
        "UploadDate": "2012-04-21T21:24:37.967-07:00"
      }
    ]
  },
  {
    "Id": "11",
    "Name": "RSSReader 1.2.73",
    "DevelopmentStatus": "Stable",
    "Description": "* minor refactoring\n(AddFeed.cs: separated event handlers, initialization and main functions)\n(FormView.cs: now checking is \"_pbs\" null or not, instead of checking \"firsttime\")\n(Reader.cs: counting number of unread items one time instead of counting every time number is needed)\n* fixed: after refreshing feed, feed list is duplicated.\n(calling GetConfig one time in App.cs, instead of calling to it every time, when app is refreshing list)\n* fixed: unhandled exception when starting application.\n(it seems that UpdateFeedsBackgroundWorker is trying to access ProgressBarSplash before handle of window is created, so just added 1 second sleep to that thread, for waiting)",
    "ReleasedDatge": "0001-01-01T00:00:00",
    "ModifiedDate": "2012-05-08T08:48:33.08-07:00",
    "Files": [
      {
        "Id": "72b3ecf1-877d-424f-acd4-3ae52f6e04af",
        "FileName": "RSSReader-1.2.73.exe",
        "Url": "./11/72b3ecf1-877d-424f-acd4-3ae52f6e04af",
        "Type": "Application",
        "UploadDate": "2012-05-08T08:48:32.863-07:00"
      }
    ]
  }
]